code,ClozeProb,NGramProb
17005,0.4722222222222222,0.187720803544
17010,0.8333333333333334,0.254012165865
17015,0.7777777777777778,0.0516449769663
17020,0.1111111111111111,0.00795548999043
17025,0.05555555555555555,1.08165398516e-05
17030,0.1111111111111111,0.0629892318569
17035,0.2777777777777778,0.00588994264172
17040,0.1111111111111111,0.0129734739152
17045,0.5277777777777778,0.000342177675279
17050,0.1111111111111111,0.00314830571155
17055,0.027777777777777776,2.07072711515e-10
17060,0.08333333333333333,0.0519806525996
17065,0.3055555555555556,0.0273571167151
17070,0.05555555555555555,0.0129950078292
17075,0.9166666666666666,0.44316477686
17080,0.05555555555555555,7.17553641777e-06
17085,0.027777777777777776,4.37071873148e-05
17090,0.5555555555555556,0.0845743014896
17095,0.05555555555555555,0.000207502919976
17100,0.3611111111111111,0.029580393343
17105,0.05555555555555555,2.1885064645e-05
17110,0.5,1.41089130165e-05
17115,0.3055555555555556,0.0974144919335
17120,0.05555555555555555,0.00519926277583
17125,0.05555555555555555,3.58789291676e-07
17130,0.027777777777777776,2.23264949373e-05
17135,0.05555555555555555,NA
17140,0.8333333333333334,0.101182376811
17145,0.3333333333333333,0.000303998993085
17150,0.05555555555555555,2.81165527929e-06
17155,0.1111111111111111,0.0321717468263
17160,0.4722222222222222,0.056841274421
17165,0.1388888888888889,0.00743277075315
17170,0.16666666666666666,0.0133839563447
17175,0.05555555555555555,5.34898899413e-07
17180,0.05555555555555555,1.30370807075e-07
17185,0.08333333333333333,0.000845588469912
17190,0.027777777777777776,2.85895615673e-07
17195,0.4444444444444444,0.0757556196779
17200,0.05555555555555555,NA
17205,0.5,0.0712941072921
17210,0.05555555555555555,0.00051246063643
17215,0.05555555555555555,0.00065279096741
17220,0.3333333333333333,0.00098668280866
17225,0.3055555555555556,0.13860365269
17230,0.5,0.221852075119
17235,0.08333333333333333,NA
17240,0.1388888888888889,0.0150440607796
17245,0.1111111111111111,0.0295867593017
17250,0.05555555555555555,3.39520131893e-05
17255,0.4722222222222222,0.837098107737
17260,0.08333333333333333,0.00179901994131
17265,0.4722222222222222,0.0199352662226
17270,0.25,9.6433038266e-05
17275,0.3055555555555556,0.0701655854272
17280,0.9722222222222222,0.281817282561
17285,0.05555555555555555,0.00358249682838
17290,0.05555555555555555,0.0485456631713
17295,0.05555555555555555,2.3797082414e-05
17300,0.16666666666666666,0.107192279723
17305,0.05555555555555555,NA
17310,0.8333333333333334,0.0336404349187
17315,0.8333333333333334,0.210149722084
17320,0.027777777777777776,7.7699188651e-08
17325,0.19444444444444445,0.243877054901
17330,0.3333333333333333,0.0289524776311
17335,0.6666666666666666,0.0137571657053
17340,0.7777777777777778,0.127706031471
17345,0.8611111111111112,NA
17350,0.25,0.0290875026407
17355,0.7222222222222222,0.0464774531614
17360,0.3611111111111111,0.0730582495988
17365,0.08333333333333333,NA
17370,0.75,0.009300221256
17375,0.05555555555555555,0.137305745758
17380,0.1111111111111111,NA
17385,0.027777777777777776,NA
17390,0.4166666666666667,0.035237410711
17395,0.027777777777777776,0.00123018405425
17400,0.3333333333333333,0.0216592047353
17405,0.2222222222222222,0.00228763715116
17410,0.8333333333333334,NA
17415,0.2222222222222222,0.016912093099
17420,0.1111111111111111,0.0265184848924
17425,0.027777777777777776,0.0123670194978
17430,0.9166666666666666,0.67700416817
17435,0.027777777777777776,4.97234982054e-06
17440,0.08333333333333333,0.000917213455329
17445,0.08333333333333333,0.0109901099171
17450,0.05555555555555555,0.000110639787346
17455,0.6666666666666666,0.11369922755
17460,0.3333333333333333,0.199206876118
17465,0.7777777777777778,0.456404643673
17470,0.027777777777777776,5.65777085617e-05
17475,0.08333333333333333,0.00152723065894
17480,0.05555555555555555,0.000159812616767
17485,0.3611111111111111,7.22666562022e-05
17490,0.08333333333333333,0.0116134387827
17495,0.08333333333333333,0.00404096155667
17500,0.05555555555555555,NA
17505,0.08333333333333333,0.493445127716
17510,0.2222222222222222,NA
17515,0.027777777777777776,NA
17520,0.1388888888888889,0.00634255604757
17525,0.08333333333333333,0.041614649331
17530,0.8333333333333334,0.0468059396745
17535,0.25,0.308736526982
17540,0.05555555555555555,0.000208128512406
17545,0.3611111111111111,0.308458468556
17550,0.05555555555555555,9.18884536135e-05
17555,0.1111111111111111,0.0450720196144
17560,0.5277777777777778,0.215272995983
17565,0.5277777777777778,0.207659409471
17570,0.5,0.00869935471303
17575,0.8333333333333334,0.30609181984
17580,0.05555555555555555,3.28726049595e-05
17585,0.08333333333333333,0.000362593785587
17590,0.3055555555555556,0.0888571479618
17595,0.7777777777777778,0.162702426058
17600,0.2777777777777778,0.004679411127
17605,0.05555555555555555,0.000158093072694
17610,0.05555555555555555,0.000217914207553
17615,0.8333333333333334,0.865514416275
17620,0.05555555555555555,0.0237441142341
17625,0.8888888888888888,9.16042939156e-05
17630,0.3055555555555556,0.153798374574
17635,0.5,0.0166768837773
17640,0.5833333333333334,0.00548858418607
17645,0.0,NA
17650,0.1111111111111111,0.000113136641023
17655,0.9444444444444444,0.453305728483
17660,0.05555555555555555,0.000273769615339
17665,0.9166666666666666,0.638895927955
17670,0.05555555555555555,0.00998010401495
17675,0.3611111111111111,8.24742716084e-05
18505,0.027777777777777776,2.44902380368e-05
18510,0.7222222222222222,0.24221622803
18515,0.4444444444444444,0.810237731562
18520,0.6944444444444444,0.0219049215066
18525,0.05555555555555555,2.24389204768e-05
18530,0.05555555555555555,3.15425945954e-05
18535,0.08333333333333333,0.0035315417776
18540,0.4444444444444444,0.165684831738
18545,0.3333333333333333,NA
18550,0.25,0.00578394532413
18555,0.16666666666666666,NA
18560,0.05555555555555555,NA
18565,0.05555555555555555,0.000166520548787
18570,0.027777777777777776,0.000459440378679
18575,0.7777777777777778,0.0851346175951
18580,0.05555555555555555,NA
18585,0.5555555555555556,0.632894314261
18590,0.1388888888888889,0.224814074735
18595,0.3611111111111111,0.0345577414946
18600,0.16666666666666666,0.0831010732689
18605,0.5277777777777778,0.00164584427604
18610,0.08333333333333333,0.0117289310261
18615,0.08333333333333333,0.00609424661933
18620,0.6388888888888888,0.209223154565
18625,0.027777777777777776,0.00103835638106
18630,0.05555555555555555,2.12560266151e-05
18635,0.9444444444444444,0.0157868612339
18640,0.19444444444444445,0.000443526026174
18645,0.05555555555555555,0.00214805804866
18650,0.1111111111111111,NA
18655,0.05555555555555555,0.00785796382538
18660,0.5277777777777778,0.0526860004874
18665,0.3611111111111111,0.0288925762488
18670,0.3333333333333333,0.0748290244113
18675,0.6388888888888888,0.0157140030752
18680,0.8611111111111112,0.22677205635
18685,0.08333333333333333,0.000114984327006
18690,0.027777777777777776,8.3503559606e-07
18695,0.05555555555555555,0.000237617506476
18700,0.05555555555555555,3.78958424943e-05
18705,0.5,NA
18710,0.027777777777777776,7.5987461218e-05
18715,0.05555555555555555,8.92352554053e-06
18720,0.4444444444444444,NA
18725,0.5555555555555556,0.127555146147
18730,0.05555555555555555,0.00442523998241
18735,0.027777777777777776,0.000453180360894
18740,0.1388888888888889,0.0100204624364
18745,0.16666666666666666,0.00555459464805
18750,0.1111111111111111,3.16883433294e-06
18755,0.08333333333333333,NA
20005,0.0,1.74524274483e-06
20010,0.45714285714285713,0.119950566195
20015,0.0,2.87791245136e-05
20020,0.4857142857142857,0.155512970652
20025,0.0,0.00106096055742
20030,0.05714285714285714,0.000843454870096
20035,0.0,0.00138983570147
20040,0.14285714285714285,0.0140462671208
20045,0.0,6.18483578794e-06
20050,0.42857142857142855,0.0219049215066
20055,0.08571428571428572,0.0138997157861
20060,0.14285714285714285,NA
20065,0.3142857142857143,0.000129661330401
20070,0.14285714285714285,0.000309905409753
20075,0.02857142857142857,NA
20080,0.8571428571428571,0.298591227634
20085,0.02857142857142857,0.000980952414009
20090,0.0,0.000288767149421
20095,0.34285714285714286,0.145735001889
20100,0.0,NA
20105,0.7142857142857143,NA
20110,0.22857142857142856,0.174049916528
20115,0.0,1.48382487426e-05
20120,0.14285714285714285,0.00241471967714
20125,0.5714285714285714,NA
20130,0.6857142857142857,0.0275699493309
20135,0.9142857142857143,0.0940922427434
20140,0.11428571428571428,0.009528886396
20145,0.0,0.000556994982385
20150,0.08571428571428572,8.96729332428e-06
20155,0.0,1.24560586586e-05
20160,0.2857142857142857,NA
20165,0.0,NA
20170,0.8571428571428571,0.112795638501
20175,0.4857142857142857,0.0352591782357
20180,0.22857142857142856,0.0267014398695
20185,0.6285714285714286,0.00281331951849
20190,0.17142857142857143,0.000995397235752
20195,0.5142857142857142,0.29689997764
20200,0.11428571428571428,0.000303151916717
20205,0.0,0.000125231771551
20210,0.02857142857142857,0.00370744308296
20215,0.17142857142857143,0.00173017641571
20220,0.02857142857142857,0.0520999739627
20225,0.05714285714285714,0.000725447015283
20230,0.0,1.03811528386e-05
20235,0.0,0.000956403456164
20240,0.0,0.00028576231672
20245,0.8571428571428571,0.505066301533
20250,0.05714285714285714,0.000328152766143
20255,0.22857142857142856,NA
20260,0.02857142857142857,0.00705737796659
20265,0.02857142857142857,0.000156208973918
20270,0.0,4.82864055578e-06
20275,0.7714285714285715,0.109419973502
20280,0.8285714285714286,0.0226566521645
20285,0.0,0.0141959882827
20290,0.17142857142857143,0.016706501971
20295,0.0,0.00366800929943
20300,0.0,2.03427895477e-06
20305,0.2,0.0677358577353
20310,0.6571428571428571,0.0101602711636
20315,0.6285714285714286,NA
20320,0.4,0.0355604884475
20325,0.0,0.0180489084377
20330,0.0,NA
20335,0.7142857142857143,0.236152004446
20340,0.05714285714285714,0.000220750398325
20345,0.14285714285714285,NA
20350,0.0,0.00224288769581
20355,0.6857142857142857,0.00282129791056
20360,0.9428571428571428,0.863740356104
20365,0.22857142857142856,NA
20370,0.0,0.00018588559018
20375,0.0,0.000127971875541
20380,0.9714285714285714,0.0575852897819
20385,0.6285714285714286,0.12989145648
20390,0.0,NA
20395,0.0,0.000574137405064
20400,0.14285714285714285,0.0438015206614
20405,0.02857142857142857,NA
20410,0.2571428571428571,0.000473154040452
20415,0.17142857142857143,NA
20420,0.02857142857142857,NA
20425,0.7714285714285715,NA
20430,0.7428571428571429,NA
20435,0.22857142857142856,0.0131732286341
20440,0.0,NA
20445,0.2571428571428571,0.122097894949
20450,0.0,2.35379337561e-05
20455,0.6857142857142857,0.00738058930082
20460,0.0,1.33472178682e-05
20465,0.8,0.118014058394
20470,0.0,4.31696400651e-05
20475,0.2,0.0588552914802
20480,0.5714285714285714,NA
20485,0.2,0.0104135498094
20490,0.2857142857142857,NA
20495,0.3142857142857143,0.0026163343622
20500,0.34285714285714286,NA
20505,0.8,0.0389908829112
20510,0.02857142857142857,0.00765997627732
20515,0.3142857142857143,NA
20520,0.37142857142857144,NA
21505,0.0,0.0276429463073
21510,0.0,0.00315025416912
21515,0.16666666666666666,NA
21520,0.8055555555555556,NA
21525,0.0,1.99326289111e-07
21530,0.0,1.11097454375e-07
21535,0.6388888888888888,0.140002393673
21540,0.0,8.91306042263e-09
21545,0.0,0.286467801971
21550,0.0,1.78925179549e-05
21555,0.3888888888888889,0.0203884413331
21560,0.0,0.00409065773341
21565,0.16666666666666666,0.0782583751449
21570,0.1388888888888889,NA
21575,0.0,NA
21580,0.0,0.0152448436289
21585,0.08333333333333333,0.0736242652826
21590,0.0,0.000176433745778
21595,0.027777777777777776,NA
21600,0.3055555555555556,0.00532033653078
21605,0.0,0.000277633818899
21610,0.0,NA
21615,0.1388888888888889,0.1216245369
21620,0.19444444444444445,0.0140968540027
21625,0.0,2.71927040065e-08
21630,0.027777777777777776,4.97933187197e-05
21635,0.027777777777777776,0.00184103411765
21640,0.0,0.000240213853244
21645,0.0,0.000372843646939
21650,0.05555555555555555,0.0229200969033
21655,0.7222222222222222,0.0716014470333
21660,0.6666666666666666,NA
21665,0.027777777777777776,0.0237441142341
21670,0.8611111111111112,0.742256895913
21675,0.05555555555555555,0.000248506800792
21680,0.0,0.116577601199
21685,1.0,0.446551253205
21690,0.8333333333333334,0.300181342646
21695,0.0,0.00314887930888
21700,0.0,8.08320245847e-06
21705,0.05555555555555555,0.301191081067
21710,0.75,0.00652067620299
21715,0.1388888888888889,0.0010688744871
21720,0.5833333333333334,0.52472535034
21725,0.9444444444444444,0.380348805798
21730,0.5277777777777778,0.157282873795
21735,0.0,NA
21740,0.6666666666666666,0.00417162504357
21745,0.0,0.00509157119572
21750,0.027777777777777776,0.00149368673548
21755,0.1388888888888889,0.0247873097276
21760,0.0,0.000808475511246
21765,0.2777777777777778,0.0356772102871
21770,0.0,0.000148992071061
21775,0.0,1.96367971948e-05
21780,0.0,0.0034044158473
21785,0.3333333333333333,0.132499972343
21790,0.0,0.00364169522829
21795,0.2777777777777778,0.0364573242025
21800,0.9444444444444444,0.123491699494
21805,0.2222222222222222,0.00199528282286
21810,0.25,0.0546064484447
21815,0.6388888888888888,0.262247308278
21820,0.0,0.000793940368151
21825,0.0,0.007097544373
21830,0.0,2.56218265602e-06
21835,0.1111111111111111,0.0369174850909
21840,0.6388888888888888,0.427065681494
21845,0.0,0.00152395382786
21850,0.0,0.119245277099
21855,0.0,2.21766522881e-05
21860,0.3055555555555556,NA
21865,0.4722222222222222,0.0115637767457
21870,0.0,6.01001520695e-06
21875,0.0,0.00104408731841
21880,0.08333333333333333,0.000658962032531
21885,1.0,0.928802520611
21890,0.7777777777777778,0.00162166328379
21895,0.7777777777777778,0.221659250559
21900,0.0,NA
21905,0.2222222222222222,0.00249880830349
21910,0.5277777777777778,0.189142560133
21915,0.0,0.000214562135225
21920,0.0,9.12530477481e-06
21925,0.0,2.55764341331e-05
21930,0.027777777777777776,0.156022438622
21935,0.08333333333333333,8.56783715347e-05
21940,0.1111111111111111,0.101233745273
21945,0.0,0.0149683024132
21950,0.3055555555555556,0.0114233455683
21955,0.0,0.000446065164593
21960,0.0,1.32510101951e-05
21965,0.16666666666666666,0.000235104974903
21970,0.0,0.00019665393922
21975,0.027777777777777776,NA
21980,0.0,2.3873761313e-05
21985,0.6388888888888888,0.0490522968237
21990,0.0,9.34547331582e-07
21995,0.0,NA
22000,0.0,0.0607884593888
22005,0.027777777777777776,0.0257782946224
22010,0.8055555555555556,0.0206438365631
22015,0.5555555555555556,0.000825238416875
22020,0.0,2.37675562498e-05
22025,0.05555555555555555,0.000248231511245
22030,0.0,1.15365215373e-05
22035,0.3888888888888889,0.00806922092278
22040,0.0,4.6158181064e-05
22045,0.8055555555555556,0.393762176427
22050,0.0,0.00129516768349
22055,0.027777777777777776,0.000430189328604
22060,0.027777777777777776,9.00951898666e-05
22065,0.027777777777777776,2.55550236289e-07
22070,0.08333333333333333,NA
22075,0.0,NA
22080,0.19444444444444445,0.0215596269869
22085,0.027777777777777776,0.00288466170206
22090,0.0,0.0019724213716
22095,0.0,3.29270055959e-06
22100,0.6388888888888888,0.0502034573176
22105,0.05555555555555555,3.79905877856e-05
22110,0.3888888888888889,0.00080452866065
22115,0.4444444444444444,0.00132030018551
23005,0.0,0.000921408066096
23010,0.0,0.000711633328544
23015,0.05714285714285714,0.289451236374
23020,0.0,NA
23025,0.0,0.00165865153224
23030,0.5714285714285714,0.00137596741483
23035,0.34285714285714286,0.141660566107
23040,0.02857142857142857,4.70449734801e-05
23045,0.0,1.8943904544e-05
23050,0.8857142857142857,0.0152641759218
23055,0.6285714285714286,0.14341867833
23060,0.6571428571428571,NA
23065,0.0,NA
23070,0.45714285714285713,0.0925716929755
23075,0.05714285714285714,NA
23080,0.0,2.67600326889e-08
23085,0.8571428571428571,0.108902626209
23090,0.6571428571428571,0.169627437848
23095,0.6,0.334144317671
23100,0.05714285714285714,0.0047068724497
23105,0.0,4.9868383828e-05
23110,0.0,3.90675492596e-06
23115,0.0,0.00050332843727
23120,0.5714285714285714,0.380993084032
23125,0.0,0.00219525334087
23130,0.0,1.85952596573e-06
23135,0.0,0.0114929570979
23140,0.8857142857142857,0.465661195842
23145,0.0,0.000377762108903
23150,0.9428571428571428,0.809868036985
23155,0.02857142857142857,0.000309692542913
23160,0.2571428571428571,8.97837414307e-05
23165,0.9428571428571428,NA
23170,0.2,NA
23175,0.6571428571428571,0.392416425922
23180,0.0,1.71026184051e-05
23185,0.2571428571428571,0.0219775389624
23190,0.0,7.25724850449e-05
23195,0.4,NA
23200,0.0,0.0137160815544
23205,0.34285714285714286,0.0390096705818
23210,0.0,0.00418830546445
23215,0.2857142857142857,0.132755098427
23220,0.22857142857142856,NA
23225,0.05714285714285714,0.00340942084105
23230,0.9142857142857143,0.0574891101788
23235,0.4,0.0510075180711
23240,0.05714285714285714,NA
23245,0.14285714285714285,0.015959849034
23250,0.0,0.10960017168
23255,0.5142857142857142,0.0017309134438
23260,0.8571428571428571,0.0184285171963
23265,0.0,0.00140209863028
23270,0.3142857142857143,0.0585807589298
23275,0.8571428571428571,0.0272796513447
23280,0.05714285714285714,0.0273627147946
23285,0.02857142857142857,0.0159131872862
23290,0.0,NA
23295,0.7142857142857143,0.0178864597501
23300,0.9428571428571428,0.0404540755504
23305,0.0,0.00476314952972
23310,0.17142857142857143,0.00723491708674
23315,0.11428571428571428,0.178981479711
23320,0.2,0.031594202892
23325,0.3142857142857143,0.018433421934
23330,0.02857142857142857,0.010190516465
23335,0.0,0.0150047780944
23340,0.0,0.00137425657164
23345,0.7142857142857143,0.0527908205042
23350,0.05714285714285714,0.0189949307706
23355,0.4857142857142857,0.023168986698
23360,0.4857142857142857,0.00546328344174
23365,0.8,0.0199413494629
23370,0.14285714285714285,NA
23375,0.6,0.0687509515932
23380,0.6571428571428571,0.110039282621
23385,0.0,0.000278176717942
23390,0.0,NA
23395,0.0,0.000536268904356
23400,0.6857142857142857,0.000218897620336
23405,0.3142857142857143,0.000119979250392
23410,0.37142857142857144,0.0535677154481
23415,0.05714285714285714,0.000472823884453
23420,0.0,1.43899399584e-05
23425,0.6,0.0844231649187
23430,0.0,4.43668126793e-06
23435,0.0,0.00454103853553
23440,0.34285714285714286,0.026541691976
23445,0.9714285714285714,0.0867177985729
23450,0.0,0.00310854179432
23455,0.0,0.00178753216147
23460,0.6,NA
23465,0.0,0.0260129642308
23470,0.0,0.0630509707994
23475,0.17142857142857143,0.000393346820311
23480,0.0,0.000175836187581
23485,0.17142857142857143,0.00513761293284
23490,0.02857142857142857,0.00188012391161
23495,0.8285714285714286,0.00528149549702
23500,0.3142857142857143,0.0432129484155
23505,0.08571428571428572,0.00469344523337
23510,0.7142857142857143,0.303844401494
23515,0.6571428571428571,0.109695248567
23520,0.0,0.00446054649036
23525,0.0,2.69728094689e-05
23530,0.2571428571428571,0.00681243553094
23535,0.2571428571428571,0.185646766305
23540,0.0,0.000130547061958
23545,0.3142857142857143,0.000357875541727
23550,0.9142857142857143,NA
23555,0.14285714285714285,0.361888631183
23560,0.0,0.00161476055459
23565,0.9142857142857143,0.0137776087026
23570,0.11428571428571428,0.0844138000995
23575,0.6285714285714286,0.0530240895344
24505,0.3333333333333333,0.0354811679505
24510,0.05555555555555555,0.00252153334335
24515,0.8055555555555556,NA
24520,0.2222222222222222,0.202415052333
24525,0.0,0.000174589150025
24530,0.2222222222222222,0.00564058667205
24535,0.16666666666666666,0.0264441738332
24540,0.6388888888888888,0.006993818937
24545,0.0,1.62531610419e-05
24550,0.0,0.00153345092033
24555,0.8333333333333334,0.00785755187407
24560,0.2222222222222222,5.39840932298e-05
24565,0.0,5.28829963515e-06
24570,0.027777777777777776,2.67079608219e-05
24575,0.0,0.000142078975417
24580,0.0,4.25160252947e-08
24585,0.027777777777777776,7.84436324245e-05
24590,0.0,6.89225163292e-07
24595,0.19444444444444445,0.00183694320116
24600,0.027777777777777776,0.014874264819
24605,0.4166666666666667,NA
24610,0.4722222222222222,0.000939076536773
24615,0.0,2.38017924539e-05
24620,0.0,0.00101362482374
24625,0.027777777777777776,1.87971728901e-06
24630,0.0,1.69533503857e-06
24635,0.0,0.00397646514385
24640,0.027777777777777776,0.00111951506468
24645,0.0,0.000129769215014
24650,0.0,NA
24655,0.4722222222222222,0.0191446631823
24660,0.027777777777777776,0.000111627806027
24665,0.1111111111111111,0.113051575937
24670,0.027777777777777776,NA
24675,0.8888888888888888,NA
24680,0.4166666666666667,0.00712318896898
24685,0.5833333333333334,0.0946508826556
24690,0.0,NA
24695,0.0,NA
24700,0.0,9.78472694844e-05
24705,0.2777777777777778,2.66484769577e-05
24710,0.0,1.20531269311e-05
24715,0.0,2.50501177419e-06
24720,0.3888888888888889,0.0549362907964
24725,0.1388888888888889,NA
24730,0.8055555555555556,0.036642308367
24735,0.25,0.0329661936833
24740,0.08333333333333333,0.0173865103315
24745,0.0,5.33569299323e-05
24750,0.19444444444444445,0.000468623723926
24755,0.0,6.96499041789e-06
24760,0.0,0.000172018084438
26005,0.2702702702702703,0.0782583751449
26010,0.10810810810810811,0.0186146657521
26015,0.2702702702702703,NA
26020,0.02702702702702703,0.045076228661
26025,0.0,0.000297666981985
26030,0.5405405405405406,0.108947253243
26035,0.4864864864864865,0.521101823032
26040,0.1891891891891892,0.115707186993
26045,0.7297297297297297,0.325078078906
26050,0.2972972972972973,0.134401598489
26055,0.0,0.00129334555339
26060,0.0,0.000100875114659
26065,0.0,NA
26070,0.0,1.54372777937e-06
26075,0.02702702702702703,0.00420477652519
26080,0.8378378378378378,0.224594331297
26085,0.5945945945945946,0.57961998849
26090,0.0,0.000116308246679
26095,0.0,0.00257947115677
26100,0.2702702702702703,0.016873562726
26105,0.35135135135135137,NA
26110,0.2972972972972973,0.028790288912
26115,0.2702702702702703,0.217544509994
26120,0.10810810810810811,0.00532615093968
26125,0.0,9.90415445142e-06
26130,0.08108108108108109,0.000348922305309
26135,0.08108108108108109,NA
26140,0.0,NA
26145,0.8918918918918919,0.00557719047212
26150,0.5945945945945946,0.000329753272041
26155,0.4594594594594595,0.000748658110257
26160,0.02702702702702703,0.000191848482894
26165,0.0,0.00205198106088
26170,0.13513513513513514,0.00711212893574
26175,0.0,1.8660979829e-05
26180,0.6216216216216216,6.82976313649e-05
26185,0.08108108108108109,0.000415772305966
26190,0.10810810810810811,0.0126246443563
26195,0.0,1.36706341392e-05
26200,0.02702702702702703,NA
26205,0.0,0.00267635366112
26210,0.02702702702702703,NA
26215,0.40540540540540543,0.00496686394418
26220,0.21621621621621623,0.103632331123
26225,0.0,0.00594457470492
26230,0.02702702702702703,0.000317350169802
26235,0.35135135135135137,0.0661509548475
26240,0.10810810810810811,2.51552102516e-05
26245,0.1891891891891892,4.84078065397e-05
26250,0.02702702702702703,0.0215346118099
26255,0.21621621621621623,0.0423527456033
26260,0.1891891891891892,0.0652736095259
26265,0.10810810810810811,0.00806133530767
26270,0.8108108108108109,0.191470712827
26275,0.9459459459459459,0.157669527096
26280,0.05405405405405406,0.00168792844195
26285,0.02702702702702703,NA
26290,0.4594594594594595,0.247721123137
26295,0.7027027027027027,0.0178003011602
26300,0.02702702702702703,NA
26305,0.0,4.26789258585e-08
26310,0.0,NA
26315,0.6216216216216216,0.381808264384
26320,0.02702702702702703,0.000824473076302
26325,0.0,3.47619538283e-05
26330,0.0,2.97960779936e-05
26335,0.0,0.000787505448704
26340,0.0,3.00630670684e-06
26345,0.02702702702702703,0.00468043928449
26350,0.2972972972972973,NA
26355,0.21621621621621623,0.000871205720734
26360,0.8918918918918919,0.00165065314153
26365,0.5675675675675675,0.273455431042
26370,0.0,2.8718235946e-06
26375,0.1891891891891892,0.0134515825575
26380,0.0,3.86890169697e-08
26385,0.05405405405405406,0.0755922583223
26390,0.05405405405405406,0.0137143728717
26395,0.13513513513513514,NA
26400,0.0,0.000230859943024
26405,0.10810810810810811,0.000201209806237
26410,0.0,0.000218689532354
26415,0.02702702702702703,0.000474376449477
26420,0.21621621621621623,0.0373098676969
26425,0.0,NA
26430,0.24324324324324326,0.0693991807
26435,0.21621621621621623,0.0983969928663
26440,0.2972972972972973,0.00465086179953
26445,0.02702702702702703,0.0133924910171
26450,0.32432432432432434,0.00409146164293
26455,0.0,0.000323809280988
26460,0.0,NA
26465,0.7297297297297297,0.157681526648
26470,0.02702702702702703,6.07893033718e-05
26475,0.02702702702702703,NA
26480,0.0,NA
26485,0.0,0.00212914718954
26490,0.16216216216216217,0.00578720524386
26495,0.0,7.63949425326e-08
26500,0.16216216216216217,NA
26505,0.02702702702702703,0.0112804919379
26510,0.43243243243243246,0.0965201435721
26515,0.16216216216216217,0.0101482369606
26520,0.0,0.000800890745672
26525,0.0,0.000543200522845
26530,0.0,3.97971476918e-05
26535,0.0,NA
26540,0.8648648648648649,0.0284123584904
26545,0.0,NA
26550,0.0,0.000514937872918
26555,0.7027027027027027,0.0941683132776
26560,0.0,8.93323293421e-05
26565,0.08108108108108109,0.0333808348649
26570,0.7027027027027027,0.319952510163
26575,0.10810810810810811,0.00695443024005
26580,0.35135135135135137,0.0446498169825
26585,0.05405405405405406,0.00645176493832
26590,0.6486486486486487,0.550085026076
26595,0.0,1.89668812406e-05
26600,0.0,0.00441486178079
26605,0.4864864864864865,0.0362558010581
26610,0.1891891891891892,0.0138501474749
26615,0.16216216216216217,0.0035819253739
26620,0.0,NA
26625,0.02702702702702703,0.000410723405628
27505,0.0,NA
27510,0.4864864864864865,NA
27515,0.0,1.26354540672e-06
27520,0.05405405405405406,0.00808921307919
27525,0.08108108108108109,0.120798143262
27530,0.05405405405405406,NA
27535,0.02702702702702703,1.96949236008e-05
27540,0.05405405405405406,8.85429093992e-05
27545,0.02702702702702703,1.66592966235e-05
27550,0.02702702702702703,3.33639622574e-05
27555,0.02702702702702703,0.000230959326434
27560,0.24324324324324326,NA
27565,0.08108108108108109,2.62602219214e-06
27570,0.02702702702702703,2.29547521124e-05
27575,0.21621621621621623,NA
27580,0.43243243243243246,0.624524938878
27585,0.05405405405405406,1.69946447434e-05
27590,0.02702702702702703,7.50225649998e-06
27595,0.8918918918918919,0.0253553797744
27600,0.02702702702702703,0.000227992159904
27605,0.40540540540540543,NA
27610,0.21621621621621623,0.0143078405069
27615,0.3783783783783784,0.159278223185
27620,0.8108108108108109,0.00984395186688
27625,0.2972972972972973,0.0222615834291
27630,0.05405405405405406,0.000643959411359
27635,0.05405405405405406,3.8529614943e-07
27640,0.02702702702702703,6.72950503593e-05
27645,0.02702702702702703,NA
27650,0.16216216216216217,0.067698911576
27655,0.13513513513513514,NA
27660,0.3783783783783784,0.279261985835
27665,0.02702702702702703,NA
27670,0.02702702702702703,0.0527443157285
27675,0.05405405405405406,1.0260315426e-05
27680,0.08108108108108109,0.0878178002936
27685,0.0,2.24870942934e-08
27690,0.3783783783783784,0.0482396227888
27695,0.02702702702702703,5.16907249837e-05
27700,0.918918918918919,0.0174015396483
27705,0.24324324324324326,0.103649389197
27710,0.08108108108108109,0.0284196045877
27715,0.40540540540540543,0.0515753968538
27720,0.02702702702702703,0.000176969215252
27725,0.02702702702702703,0.0165409523829
27730,0.02702702702702703,0.152458740989
27735,0.02702702702702703,0.000210826352766
27740,0.02702702702702703,0.00395368992811
27745,0.43243243243243246,0.00232608089173
27750,0.24324324324324326,0.0822415365788
27755,0.7297297297297297,0.21389915519
27760,0.13513513513513514,0.00202194373753
27765,0.02702702702702703,1.2705990793e-06
27770,0.05405405405405406,0.0071179645169
27775,0.02702702702702703,0.0386140082832
27780,0.5135135135135135,0.0557408150731
27785,0.08108108108108109,0.000205716665836
27790,0.08108108108108109,0.107785645284
27795,0.8108108108108109,0.0125160257997
27800,0.02702702702702703,0.00264522684654
27805,0.02702702702702703,0.00097021610997
27810,0.02702702702702703,0.000204198251087
27815,0.4864864864864865,0.027314194328
27820,0.35135135135135137,2.52360436408e-05
27825,0.4594594594594595,0.146775825746
27830,0.8648648648648649,0.748430816537
27835,0.21621621621621623,0.0299563440303
27840,0.13513513513513514,0.011563381386
27845,0.02702702702702703,NA
27850,0.8648648648648649,0.0879450167508
27855,0.02702702702702703,NA
27860,0.08108108108108109,0.0124393860428
27865,0.08108108108108109,0.0018918992601
27870,0.5405405405405406,0.00117732209645
27875,0.24324324324324326,0.0054557138196
27880,0.13513513513513514,0.000593173154287
27885,0.02702702702702703,0.0166259544817
27890,0.05405405405405406,0.0588588901941
27895,0.5135135135135135,0.0197276619418
27900,0.02702702702702703,0.00843384258382
27905,0.4864864864864865,NA
27910,0.02702702702702703,0.000111117826961
27915,0.8918918918918919,0.167875528542
27920,0.10810810810810811,0.00409369275969
27925,0.05405405405405406,NA
27930,0.02702702702702703,0.000700555618624
27935,0.02702702702702703,2.43354237799e-06
27940,0.0,0.00278837451871
27945,0.2972972972972973,0.0240325838987
27950,0.3783783783783784,NA
27955,0.02702702702702703,6.48095745686e-06
27960,0.7837837837837838,0.0089315949565
27965,0.3783783783783784,0.108784543261
27970,0.5945945945945946,0.0632356123675
27975,0.10810810810810811,0.115078632624
27980,0.02702702702702703,0.00724090469748
27985,0.2702702702702703,0.0139530641192
27990,0.02702702702702703,0.00036497940365
27995,0.7837837837837838,0.115506899257
28000,0.02702702702702703,NA
28005,0.05405405405405406,0.00263033548333
28010,0.02702702702702703,0.000166813535336
28015,0.8378378378378378,NA
28020,0.8378378378378378,0.0489865339929
28025,0.7837837837837838,0.431602912941
28030,0.8918918918918919,NA
28035,0.02702702702702703,NA
28040,0.05405405405405406,NA
28045,0.05405405405405406,0.000934217890353
28050,0.05405405405405406,0.0271760375229
28055,0.02702702702702703,0.000205416762466
28060,0.02702702702702703,NA
28065,0.4594594594594595,0.0400900689322
28070,0.02702702702702703,9.57267218655e-07
28075,0.02702702702702703,0.000481718934799
28080,0.6756756756756757,0.0620696783746
28085,0.2972972972972973,0.042507530235
28090,0.02702702702702703,0.0237441142341
28095,0.16216216216216217,0.065252545282
28100,0.05405405405405406,0.13067337295
28105,0.918918918918919,NA
28110,0.02702702702702703,0.0980029596676
28115,0.8648648648648649,0.285240808523
28120,0.4864864864864865,NA
28125,0.10810810810810811,0.000902267841841
29005,0.05405405405405406,0.000947222692213
29010,0.02702702702702703,0.00218043626493
29015,0.02702702702702703,NA
29020,0.02702702702702703,0.000206043813863
29025,0.02702702702702703,7.83252314035e-05
29030,0.02702702702702703,0.000182012735464
29035,0.7567567567567568,8.72857007339e-05
29040,0.7297297297297297,NA
29045,0.02702702702702703,4.08626415103e-05
29050,0.21621621621621623,0.000679240918435
29055,0.02702702702702703,NA
29060,0.08108108108108109,NA
29065,0.5675675675675675,0.0149019515317
29070,0.02702702702702703,8.69800172572e-06
29075,0.02702702702702703,0.000176345045758
29080,0.02702702702702703,0.000822823111309
29085,0.02702702702702703,3.17191496339e-06
29090,0.0,1.26190804366e-08
29095,0.02702702702702703,0.0606815486122
29100,0.13513513513513514,0.000680473688291
29105,0.8108108108108109,0.239844505391
29110,0.13513513513513514,0.000455726947129
29115,0.02702702702702703,0.0154067706842
29120,0.6756756756756757,0.345915206023
29125,0.2702702702702703,0.0413930703028
29130,0.21621621621621623,0.326863458203
29135,0.08108108108108109,0.000245057243851
29140,0.13513513513513514,0.018451934769
29145,0.05405405405405406,NA
29150,0.10810810810810811,2.19603984404e-05
29155,0.02702702702702703,0.00112332858848
29160,0.05405405405405406,0.00626408233035
29165,0.7027027027027027,0.0708899475847
29170,0.4594594594594595,0.0199289689202
29175,0.8918918918918919,0.777264995722
29180,0.02702702702702703,2.29693180042e-05
29185,0.05405405405405406,0.0560177729724
29190,0.0,0.0388127644497
29195,0.02702702702702703,2.03891662231e-09
29200,0.05405405405405406,0.0158692057042
29205,0.5945945945945946,0.0414196972166
29210,0.08108108108108109,0.0264523181825
29215,0.02702702702702703,0.000247906175065
29220,0.7297297297297297,0.0546752940624
29225,0.0,NA
29230,0.10810810810810811,0.00190678140108
29235,0.02702702702702703,0.0218442297357
29240,0.7567567567567568,0.370557768225
29245,0.32432432432432434,0.108157862922
29250,0.10810810810810811,0.289210764366
29255,0.4864864864864865,0.00165944345508
29260,0.02702702702702703,3.40882382082e-06
29265,0.16216216216216217,0.21580173322
29270,0.02702702702702703,0.00515748853687
29275,0.16216216216216217,0.015959849034
29280,0.02702702702702703,1.33991412188e-05
29285,0.02702702702702703,9.89222704343e-05
29290,0.2702702702702703,0.00169049329306
29295,0.02702702702702703,1.27232979011e-06
29300,0.6486486486486487,0.0580239439695
29305,0.10810810810810811,0.0222986832587
29310,0.4594594594594595,0.15740746483
29315,0.02702702702702703,0.0110681732052
29320,0.02702702702702703,1.07499927565e-05
29325,0.02702702702702703,0.00274488651001
29330,0.4594594594594595,0.0880961474101
29335,0.4594594594594595,0.225110046763
29340,0.10810810810810811,0.0421024505961
29345,0.02702702702702703,2.78131976574e-07
29350,0.10810810810810811,0.0329886838611
29355,0.0,1.81918983327e-05
29360,0.02702702702702703,0.0103466421277
29365,0.10810810810810811,5.72620274891e-06
29370,0.02702702702702703,NA
29375,0.02702702702702703,0.000329872001903
29380,0.5405405405405406,0.0236739092352
29385,0.02702702702702703,0.00624830415785
29390,0.6216216216216216,0.416998339775
29395,0.6756756756756757,0.0108741198403
29400,0.0,0.000212288608196
29405,0.02702702702702703,0.000509052870554
29410,0.8918918918918919,6.13361803488e-06
29415,0.05405405405405406,0.00259714098385
29420,0.02702702702702703,0.000511723097261
29425,0.02702702702702703,0.00233079638743
29430,0.43243243243243246,NA
29435,0.10810810810810811,0.301132896497
29440,0.02702702702702703,1.49239660863e-05
29445,0.02702702702702703,4.65811162191e-08
29450,0.02702702702702703,9.59807792964e-05
29455,0.02702702702702703,0.00244716444207
29460,0.02702702702702703,0.0055836307783
29465,0.02702702702702703,6.76624745134e-05
29470,0.02702702702702703,NA
29475,0.43243243243243246,0.0998922958145
29480,0.02702702702702703,0.00409462828116
29485,0.02702702702702703,7.83760512107e-05
29490,0.5135135135135135,NA
29495,0.5405405405405406,0.0100857944987
29500,0.13513513513513514,0.000298964126635
29505,0.02702702702702703,0.00869206600103
29510,0.08108108108108109,NA
29515,0.02702702702702703,0.00283522457727
29520,0.0,1.05941645519e-05
29525,0.02702702702702703,0.00823037641566
29530,0.4594594594594595,NA
29535,0.7837837837837838,0.0101708511756
29540,0.6216216216216216,0.135389476604
29545,0.2702702702702703,0.00809423984342
29550,0.10810810810810811,0.0237441142341
29555,0.1891891891891892,0.0243666586026
29560,0.08108108108108109,0.0763414762901
29565,0.08108108108108109,0.000146264864667
29570,0.02702702702702703,0.0541671924751
29575,0.3783783783783784,0.0183053882751
29580,0.08108108108108109,0.138792298442
29585,0.0,1.07335047611e-05
29590,0.02702702702702703,0.000100080755561
29595,0.02702702702702703,0.00650306029891
29600,0.02702702702702703,0.00206910214932
29605,0.972972972972973,NA
29610,0.02702702702702703,0.000426495900133
29615,0.05405405405405406,0.0413143965775
29620,0.02702702702702703,NA
29625,0.9459459459459459,0.478644882306
29630,0.02702702702702703,0.000143589748369
30505,0.0,NA
30510,0.07894736842105263,0.145754790534
30515,0.02631578947368421,0.000220325077434
30520,0.02631578947368421,0.0874459658829
30525,0.5789473684210527,0.0589970605929
30530,0.07894736842105263,0.0245245038748
30535,0.0,7.77271542962e-08
30540,0.0,0.00124920825746
30545,0.6052631578947368,0.0466923261933
30550,0.6052631578947368,0.116567651539
30555,0.0,0.000602116091147
30560,0.0,0.00267564410159
30565,0.0,0.015567998054
30570,0.02631578947368421,0.0109525588501
30575,0.0,0.039829036634
30580,0.13157894736842105,0.0337039907458
30585,0.9736842105263158,0.349291763486
30590,0.8947368421052632,0.247617414948
30595,0.07894736842105263,0.00404834923473
30600,0.23684210526315788,0.13773039762
30605,0.05263157894736842,0.0713166156053
30610,0.0,0.00352139976101
30615,0.3684210526315789,0.0159364560043
30620,0.5,0.0414778895864
30625,0.39473684210526316,0.0193299243822
30630,0.0,0.00125452445786
30635,0.0,0.0141813192818
30640,0.18421052631578946,0.0217099752272
30645,0.7631578947368421,0.000188523896076
30650,0.0,0.000535992239369
30655,0.34210526315789475,0.000435865068437
30660,0.5526315789473685,0.37871088448
30665,0.0,0.00156350161535
30670,0.0,0.00122040988381
30675,0.0,0.00186877063281
30680,0.10526315789473684,0.0944653973287
30685,0.02631578947368421,0.0347484635781
30690,0.0,0.000105312112262
30695,0.34210526315789475,0.00214366104279
30700,0.07894736842105263,0.021602944014
30705,0.2631578947368421,0.039620975834
30710,0.0,9.8081482979e-06
30715,0.07894736842105263,0.00372290695384
30720,0.3157894736842105,0.00332428658021
30725,0.7105263157894737,0.000796049440615
30730,0.5526315789473685,0.047854346548
30735,0.868421052631579,NA
30740,0.0,8.43560679947e-05
30745,0.07894736842105263,0.00287536493434
30750,0.2631578947368421,0.000525849584426
30755,0.15789473684210525,0.0026552465305
30760,0.0,0.00760717601017
30765,0.18421052631578946,0.0983774046526
30770,0.0,0.00269435361152
30775,0.631578947368421,NA
30780,0.07894736842105263,0.0154814826118
30785,0.0,0.000230058962075
30790,0.02631578947368421,0.00101107083882
30795,0.07894736842105263,0.00190382883421
30800,0.0,0.00213913798907
30805,0.10526315789473684,NA
30810,0.05263157894736842,0.00397450123367
30815,0.13157894736842105,0.000586837465466
30820,0.0,NA
30825,0.9736842105263158,0.0459346937657
30830,0.02631578947368421,0.0018918992601
30835,0.07894736842105263,NA
30840,0.5,0.0247565890641
30845,0.9473684210526315,NA
30850,0.2894736842105263,0.0423880415813
30855,0.0,NA
30860,0.7368421052631579,0.0175526260033
30865,0.05263157894736842,0.00596214818428
30870,0.3157894736842105,0.165534238166
30875,0.15789473684210525,0.0109398324106
30880,0.0,0.000502410321651
30885,0.3684210526315789,0.00540653052987
30890,0.10526315789473684,0.00347723177596
30895,0.13157894736842105,0.026039674941
30900,0.0,NA
30905,0.9473684210526315,0.132376614747
30910,0.0,0.00434885102818
30915,0.6578947368421053,0.0915021640997
30920,0.07894736842105263,0.0308789015132
30925,0.47368421052631576,0.000205711019206
30930,0.18421052631578946,0.0386959175082
30935,0.6052631578947368,0.0146347554716
30940,0.18421052631578946,NA
30945,0.4473684210526316,0.00100640010592
30950,0.3157894736842105,0.0744065063184
30955,0.8421052631578947,NA
30960,0.0,0.047524244789
30965,0.5789473684210527,0.0999769138392
30970,0.9473684210526315,0.0125589056407
30975,0.5,0.00298214423777
32005,0.09090909090909091,0.0292331494691
32010,0.0,0.011547385107
32015,0.0,0.00677419564429
32020,0.030303030303030304,0.128549114454
32025,0.030303030303030304,0.084794464897
32030,0.0,NA
32035,0.0,7.62610851986e-07
32040,0.15151515151515152,NA
32045,0.0,5.2776311231e-05
32050,0.06060606060606061,0.00900422414059
32055,0.0,NA
32060,0.9696969696969697,NA
32065,0.030303030303030304,NA
32070,0.0,0.0469417554613
32075,0.0,0.0132670310347
32080,0.42424242424242425,0.558727831099
32085,0.0,5.64793340562e-06
32090,0.0,5.97118877256e-05
32095,0.7878787878787878,0.0643607376986
32100,0.45454545454545453,0.0217097232379
32105,0.0,6.70398858116e-05
32110,0.0,NA
32115,0.09090909090909091,0.0357563507073
32120,0.0,NA
32125,0.15151515151515152,0.0199921046376
32130,0.09090909090909091,0.00509705266958
32135,0.45454545454545453,NA
32140,0.3333333333333333,0.0176441787934
32145,0.0,9.73671015266e-06
32150,0.45454545454545453,0.00162799108375
32155,0.24242424242424243,0.0869973336344
32160,0.030303030303030304,3.23696064788e-06
32165,0.06060606060606061,NA
32170,0.24242424242424243,0.0287100671894
32175,0.42424242424242425,0.0155858594636
32180,0.2727272727272727,3.09259074279e-05
32185,0.9090909090909091,0.376512687356
32190,0.6666666666666666,0.069978088299
32195,0.2727272727272727,0.0711100379049
32200,0.0,NA
32205,0.2727272727272727,NA
32210,0.0,2.27821751719e-05
32215,0.0,1.04853261087e-06
32220,0.0,0.000577734771413
32225,0.030303030303030304,0.000189301305569
32230,0.30303030303030304,0.0447188791983
32235,0.0,2.53787824099e-07
32240,0.6363636363636364,0.0895927282178
32245,0.0,0.00377341167918
32250,0.3333333333333333,0.143058107888
32255,0.0,7.83064861212e-06
32260,0.030303030303030304,0.0213294643908
32265,0.0,0.000134098703385
32270,0.0,0.00035274250531
32275,0.9696969696969697,NA
32280,0.030303030303030304,0.0116410852494
32285,0.0,7.37238981226e-05
32290,0.45454545454545453,0.0131959899144
32295,0.0,0.00837339563926
32300,0.7575757575757576,0.231155115405
32305,0.0,NA
32310,0.0,1.46443030455e-06
32315,0.0,NA
32320,0.0,0.0141083786076
32325,0.21212121212121213,0.0577958326916
32330,0.0,3.74469913031e-06
32335,0.09090909090909091,0.00268188526462
32340,0.0,3.39297190638e-06
32345,0.6666666666666666,0.00326151976193
32350,0.0,0.000116046689119
32355,0.12121212121212122,0.00346866646867
32360,0.6363636363636364,0.0599191740746
32365,0.0,4.3833772405e-06
32370,0.0,0.0663537841083
32375,0.030303030303030304,0.265870220026
32380,0.0,NA
32385,0.2727272727272727,0.00721638209992
32390,0.18181818181818182,0.00466624883683
32395,0.09090909090909091,0.0255946949892
32400,0.0,8.13215602964e-05
32405,0.030303030303030304,NA
32410,0.0,0.00414016459998
32415,0.09090909090909091,NA
32420,0.7878787878787878,0.0149933408548
32425,0.0,NA
32430,0.0,0.000325475830944
32435,0.42424242424242425,0.0209696990486
32440,0.0,2.2458250329e-05
32445,0.9090909090909091,0.0200781358911
32450,0.15151515151515152,3.30155081306e-06
32455,0.06060606060606061,0.0578565899341
32460,0.0,NA
32465,0.3333333333333333,0.0265046833657
32470,0.12121212121212122,0.00070833785256
32475,0.030303030303030304,0.0105126526338
32480,0.0,0.000536300700542
32485,0.030303030303030304,0.0228180357409
32490,0.0,3.13497212226e-07
32495,0.0,3.33446260434e-05
32500,0.3939393939393939,0.356149716633
32505,0.030303030303030304,0.0118865201242
32510,0.0,NA
32515,0.0,0.0742026269673
32520,0.09090909090909091,0.0126202096877
32525,0.9393939393939394,NA
32530,0.18181818181818182,0.0967480496905
32535,0.15151515151515152,0.019966368952
32540,0.0,7.53611533207e-07
32545,0.15151515151515152,0.00706740214676
32550,0.06060606060606061,NA
32555,0.0,0.00138414417901
32560,0.5454545454545454,0.0572250239673
32565,0.18181818181818182,0.027738510232
32570,0.030303030303030304,0.000137307600816
32575,0.15151515151515152,NA
32580,0.21212121212121213,NA
32585,0.0,8.43328006934e-05
32590,0.0,0.0214758914294
32595,0.30303030303030304,0.0145306828564
32600,0.12121212121212122,0.0105128226371
32605,0.0,3.98659840331e-05
32610,0.0,7.91977737169e-06
32615,0.0,0.000712977921175
32620,0.0,3.50945492274e-06
32625,0.45454545454545453,NA
32630,0.5151515151515151,0.0509136025452
32635,0.48484848484848486,NA
32640,0.2727272727272727,NA
32645,0.30303030303030304,0.354589037415
32650,0.15151515151515152,0.0135386866543
32655,0.0,0.0027684460149
32660,0.06060606060606061,0.00795739417124
32665,0.7272727272727273,0.0392804257261
33505,0.027777777777777776,0.000373951808745
33510,0.7222222222222222,0.0590223475795
33515,0.05555555555555555,0.0161019716295
33520,0.8611111111111112,0.0662722464325
33525,0.0,0.00035176661236
33530,0.0,0.000172655893223
33535,0.0,0.00456798611123
33540,0.0,NA
33545,0.0,0.000248524536679
33550,0.05555555555555555,0.0478316909233
33555,0.9444444444444444,0.142560885734
33560,0.0,0.0469685884428
33565,0.8333333333333334,0.778793243335
33570,0.4722222222222222,NA
33575,0.7777777777777778,0.124879509963
33580,0.5277777777777778,0.0345497743929
33585,0.027777777777777776,0.00498161081354
33590,0.0,8.03849218518e-05
33595,0.08333333333333333,0.00214710484616
33600,0.0,NA
33605,0.3611111111111111,0.0119320431309
33610,0.08333333333333333,0.010168729311
33615,0.5,0.283089592514
33620,0.08333333333333333,0.000697007578478
33625,0.0,2.17469517415e-05
33630,0.9444444444444444,0.325456166988
33635,0.0,6.58922060613e-05
33640,0.0,2.83389489035e-06
33645,0.0,0.0141959882827
33650,0.0,0.00873932470588
33655,0.0,NA
33660,0.027777777777777776,0.00311643481443
33665,0.027777777777777776,0.0024000980152
33670,0.2777777777777778,0.0953986791988
33675,0.027777777777777776,0.00442464362007
33680,0.0,0.015959849034
33685,0.027777777777777776,0.000293575556919
33690,0.1388888888888889,6.4160451134e-05
33695,0.2222222222222222,0.0331367301219
33700,0.0,NA
33705,0.8888888888888888,NA
33710,0.0,0.000501458491733
33715,0.16666666666666666,0.00533167961955
33720,0.0,0.0125044016976
33725,0.6666666666666666,0.468124626609
33730,0.0,2.62063098358e-05
33735,0.3611111111111111,0.0322016816815
33740,0.027777777777777776,NA
33745,0.6388888888888888,0.148822238573
33750,0.0,1.92084124803e-05
33755,0.5277777777777778,0.110895157622
33760,0.0,0.00449083195026
33765,0.0,1.11503688308e-05
33770,0.027777777777777776,1.60579729658e-05
33775,0.16666666666666666,0.00319240298925
33780,0.0,0.00233838948815
33785,0.0,0.00710935254771
33790,0.0,2.63520988506e-06
33795,0.0,NA
33800,0.16666666666666666,0.00563516256139
33805,0.027777777777777776,0.000369327597774
33810,0.0,7.44725364782e-06
33815,0.8611111111111112,NA
33820,0.0,NA
33825,0.0,NA
33830,0.8888888888888888,0.313139685426
33835,0.0,2.08460297035e-06
33840,0.75,0.0012841809624
33845,0.6388888888888888,0.400378981706
33850,0.0,0.000417013915748
33855,0.05555555555555555,0.0280806498443
33860,0.9166666666666666,0.918859883491
33865,0.8055555555555556,0.0225082906214
33870,0.05555555555555555,NA
33875,0.0,0.000166137316261
33880,1.0,0.918267875457
33885,0.6388888888888888,NA
33890,0.0,1.2300689115e-06
33895,0.0,0.00015448310823
33900,0.0,2.73623378579e-05
33905,0.25,0.328051588768
33910,0.0,2.09101919461e-05
33915,0.16666666666666666,0.0055291467884
33920,0.027777777777777776,0.000277065207177
33925,0.0,NA
33930,0.05555555555555555,0.0179071157856
33935,0.08333333333333333,0.0956313023559
33940,0.0,9.47761212946e-05
33945,0.0,4.30587637213e-05
33950,0.16666666666666666,0.0924363470721
33955,0.0,0.000178208242339
33960,0.0,8.54133837289e-06
33965,0.4722222222222222,0.0300975144191
35005,0.0,2.17520322495e-05
35010,0.0,1.92758922973e-05
35015,0.0,NA
35020,0.6857142857142857,0.283971236258
35025,0.14285714285714285,0.0125160257997
35030,0.5142857142857142,0.0118612417723
35035,0.0,2.95318734949e-05
35040,0.0,0.0334023290911
35045,0.22857142857142856,0.0573170831082
35050,0.6285714285714286,NA
35055,0.0,0.00305625968861
35060,0.5142857142857142,0.0412736251494
35065,0.0,1.07837995682e-06
35070,0.08571428571428572,NA
35075,0.37142857142857144,0.14713429805
35080,0.08571428571428572,NA
35085,0.2,0.00073394784485
35090,0.0,5.59349056593e-06
35095,0.4,0.126612706834
35100,0.0,0.00154313296708
35105,0.0,0.00418658017102
35110,0.6571428571428571,0.0276705131287
35115,0.8285714285714286,NA
35120,0.0,6.01548309474e-06
35125,0.11428571428571428,0.0518559374794
35130,0.08571428571428572,0.00181326325236
35135,0.9714285714285714,NA
35140,0.3142857142857143,0.073479094846
35145,0.0,NA
35150,0.45714285714285713,NA
35155,0.05714285714285714,0.00806817329244
35160,0.5428571428571428,NA
35165,0.05714285714285714,0.0597804252135
35170,0.3142857142857143,NA
35175,0.02857142857142857,NA
35180,0.14285714285714285,0.118565641777
35185,0.02857142857142857,0.00252859606679
35190,0.0,5.37843457504e-06
35195,0.0,8.65459087694e-06
35200,0.11428571428571428,0.0102260527299
35205,0.0,0.00203410586177
35210,0.9142857142857143,0.875650154778
35215,0.17142857142857143,0.288690995351
35220,0.2571428571428571,0.00474686271897
35225,0.6285714285714286,0.413017504959
35230,0.0,0.00479223688581
35235,0.17142857142857143,0.00899302997088
35240,0.3142857142857143,0.0293700621181
35245,0.0,NA
35250,0.0,0.000811398845541
35255,0.5428571428571428,0.357346242159
35260,0.05714285714285714,0.0281569526425
35265,0.0,4.94152219994e-05
35270,0.02857142857142857,0.00969512616691
35275,0.05714285714285714,0.0102293751512
35280,0.6571428571428571,0.116382501654
35285,0.0,0.00295379781295
35290,0.3142857142857143,0.0901896739409
35295,0.2,0.205177800415
35300,0.22857142857142856,0.0021054511322
35305,0.42857142857142855,0.559223501805
35310,0.0,NA
35315,0.9142857142857143,0.0118285640646
35320,0.5714285714285714,0.177020761625
35325,0.0,1.1065448367e-07
35330,0.0,0.000811791373961
35335,0.6571428571428571,0.466030056422
35340,0.0,0.000142399871817
35345,0.9142857142857143,0.0237706048594
35350,0.0,6.76679537617e-06
35355,0.0,1.77464851149e-07
35360,0.0,2.29404599924e-07
35365,0.2,0.000140739390401
35370,0.0,0.00350537592779
35375,0.0,NA
35380,0.5142857142857142,0.140894000681
35385,0.02857142857142857,0.00604233132076
35390,0.4,NA
35395,0.05714285714285714,0.020437152643
35400,0.0,0.00026007780862
35405,0.0,4.89911571786e-05
35410,0.45714285714285713,4.34691900411e-05
35415,0.7714285714285715,0.0917405931899
35420,0.05714285714285714,NA
35425,0.0,NA
35430,0.0,0.0189969292596
35435,0.0,0.00103286440932
35440,0.0,0.00074889262005
35445,0.0,NA
35450,0.0,4.56491933798e-07
35455,0.8857142857142857,0.493643417358
35460,0.05714285714285714,NA
35465,0.2857142857142857,NA
35470,0.0,2.16263670037e-06
35475,0.14285714285714285,0.246373070305
35480,0.0,1.49516470331e-05
35485,0.0,1.77673510583e-05
35490,0.0,1.13000855749e-05
35495,0.02857142857142857,8.51646892839e-05
35500,0.0,0.000242564339315
35505,0.8,0.0051089748558
35510,0.0,0.000127913542808
35515,0.0,0.00109616418298
35520,0.6285714285714286,NA
35525,0.0,7.6287821049e-07
35530,0.5428571428571428,0.567375656536
35535,0.17142857142857143,0.0454678652695
35540,0.05714285714285714,0.00128019481214
35545,0.11428571428571428,0.0914925232376
35550,0.6571428571428571,0.000401658162285
35555,0.3142857142857143,0.0749397157857
35560,0.05714285714285714,0.043800226819
35565,0.0,0.0287140977174
35570,0.2857142857142857,0.000282654822218
35575,0.0,0.00389742255578
35580,0.8571428571428571,0.463710721393
35585,0.2857142857142857,0.000282229248117
35590,0.4,0.0771902278452
35595,0.0,1.20557508059e-05
35600,0.42857142857142855,0.000162873977026
35605,0.4,0.31135659535
35610,0.0,0.0231624545019
35615,0.0,NA
35620,0.0,0.000105850548386
35625,0.0,0.0335869427255
35630,0.34285714285714286,0.0345141386993
35635,0.34285714285714286,NA
35640,0.02857142857142857,0.116095368927
35645,0.02857142857142857,0.00953605292202
35650,0.3142857142857143,0.0827256889522
35655,0.0,NA
35660,0.0,NA
35665,0.2,0.0121484283279
35670,0.0,0.000254939603305
35675,0.0,NA
35680,0.0,0.000250865742879
35685,0.37142857142857144,0.00236921319926
35690,0.7142857142857143,0.527483723465
35695,0.0,0.00240173089612
35700,0.0,0.000367842560193
35705,0.08571428571428572,0.00319980410603
35710,0.0,5.77137700372e-05
35715,0.11428571428571428,0.0448800722408
35720,0.02857142857142857,3.04296008742e-05
35725,0.0,8.30147872759e-05
35730,0.6571428571428571,0.171323311651
35735,0.0,0.00112059784342
35740,0.0,0.000801726670381
35745,0.0,0.000296853319148
35750,0.0,0.0212224142981
35755,0.7428571428571429,0.0117522363765
35760,0.5428571428571428,0.33275458536
44005,0.0,NA
44010,0.05555555555555555,NA
44015,0.0,NA
44020,0.0,NA
44025,0.3888888888888889,NA
44030,0.027777777777777776,NA
44035,0.0,NA
44040,0.0,NA
44045,0.6666666666666666,NA
44050,0.0,NA
44055,0.5,NA
44060,0.0,NA
44065,0.19444444444444445,NA
44070,0.0,NA
44075,0.0,NA
44080,0.2777777777777778,NA
44085,0.1388888888888889,NA
44090,0.0,NA
44095,0.0,NA
44100,0.0,NA
44105,0.0,NA
44110,0.0,NA
44115,0.5555555555555556,NA
44120,0.16666666666666666,NA
44125,0.5833333333333334,NA
44130,0.0,NA
44135,0.0,NA
44140,0.25,NA
44145,0.027777777777777776,NA
44150,0.0,NA
44155,0.0,NA
44160,0.3055555555555556,NA
44165,0.027777777777777776,NA
44170,0.0,NA
44175,0.0,NA
44180,0.027777777777777776,NA
44185,0.9166666666666666,NA
44190,0.5,NA
44195,0.2222222222222222,NA
44200,0.08333333333333333,NA
44205,0.5,NA
44210,0.0,NA
44215,0.0,NA
44220,0.0,NA
44225,0.0,NA
44230,0.027777777777777776,NA
44235,0.3888888888888889,NA
44240,0.027777777777777776,NA
44245,0.05555555555555555,NA
44250,0.0,NA
44255,0.0,NA
44260,0.3055555555555556,NA
44265,0.0,NA
44270,0.4444444444444444,NA
44275,0.0,NA
44280,0.0,NA
44285,0.05555555555555555,NA
44290,0.6944444444444444,NA
44295,0.0,NA
44300,0.3333333333333333,NA
44305,0.0,NA
44310,0.0,NA
44315,0.0,NA
44320,0.0,NA
44325,0.5277777777777778,NA
44330,0.027777777777777776,NA
44335,0.1111111111111111,NA
44340,0.0,NA
44345,0.0,NA
44350,0.027777777777777776,NA
44355,0.0,NA
44360,0.3333333333333333,NA
44365,0.0,NA
44370,0.0,NA
44375,0.027777777777777776,NA
44380,0.08333333333333333,NA
44385,0.0,NA
44390,0.0,NA
44395,0.3333333333333333,NA
44400,0.9722222222222222,NA
44405,0.4722222222222222,NA
44410,0.1111111111111111,NA
44415,0.0,NA
44420,0.0,NA
44425,0.0,NA
44430,0.0,NA
44435,0.3333333333333333,NA
44440,0.1111111111111111,NA
44445,0.9722222222222222,NA
44450,0.027777777777777776,NA
44455,0.1388888888888889,NA
44460,0.0,NA
44465,0.05555555555555555,NA
44470,0.0,NA
44475,0.16666666666666666,NA
44480,0.027777777777777776,NA
44485,0.05555555555555555,NA
44490,0.4722222222222222,NA
44495,0.027777777777777776,NA
44500,0.0,NA
44505,0.0,NA
44510,0.027777777777777776,NA
44515,0.05555555555555555,NA
44520,0.0,NA
44525,0.05555555555555555,NA
44530,0.2222222222222222,NA
44535,0.1388888888888889,NA
44540,0.3888888888888889,NA
44545,0.16666666666666666,NA
44550,0.1111111111111111,NA
44555,0.08333333333333333,NA
44560,0.16666666666666666,NA
44565,0.6944444444444444,NA
44570,0.19444444444444445,NA
44575,0.08333333333333333,NA
44580,0.1111111111111111,NA
44585,0.8055555555555556,NA
44590,0.05555555555555555,NA
44595,0.0,NA
44600,0.08333333333333333,NA
44605,0.4444444444444444,NA
44610,0.0,NA
44615,0.05555555555555555,NA
44620,0.0,NA
44625,0.4444444444444444,NA
44630,0.0,NA
44635,0.027777777777777776,NA
44640,0.1111111111111111,NA
44645,0.0,NA
44650,0.5555555555555556,NA
44655,0.8611111111111112,NA
44660,0.0,NA
45505,0.37142857142857144,NA
45510,0.0,NA
45515,0.0,NA
45520,0.8,NA
45525,0.0,NA
45530,0.11428571428571428,NA
45535,0.05714285714285714,NA
45540,0.02857142857142857,NA
45545,0.9428571428571428,NA
45550,0.02857142857142857,NA
45555,0.02857142857142857,NA
45560,0.02857142857142857,NA
45565,0.22857142857142856,NA
45570,0.45714285714285713,NA
45575,0.02857142857142857,NA
45580,0.0,NA
45585,0.0,NA
45590,0.6571428571428571,NA
45595,0.0,NA
45600,0.0,NA
45605,0.0,NA
45610,0.7142857142857143,NA
45615,0.5428571428571428,NA
45620,0.0,NA
45625,0.08571428571428572,NA
45630,0.0,NA
45635,0.22857142857142856,NA
45640,0.8285714285714286,NA
45645,0.4857142857142857,NA
45650,0.0,NA
45655,0.0,NA
45660,0.0,NA
45665,0.2,NA
45670,0.0,NA
45675,0.05714285714285714,NA
45680,0.08571428571428572,NA
45685,0.02857142857142857,NA
45690,0.5428571428571428,NA
45695,0.22857142857142856,NA
45700,0.7142857142857143,NA
45705,0.8,NA
45710,0.0,NA
45715,0.34285714285714286,NA
45720,0.8285714285714286,NA
45725,0.11428571428571428,NA
45730,0.0,NA
45735,0.14285714285714285,NA
45740,0.02857142857142857,NA
45745,0.9428571428571428,NA
45750,0.22857142857142856,NA
45755,0.6857142857142857,NA
45760,0.0,NA
45765,0.0,NA
45770,0.0,NA
45775,0.0,NA
45780,0.02857142857142857,NA
45785,0.0,NA
45790,0.0,NA
45795,0.0,NA
45800,0.14285714285714285,NA
45805,0.17142857142857143,NA
45810,0.45714285714285713,NA
45815,0.08571428571428572,NA
45820,0.0,NA
45825,0.5428571428571428,NA
45830,0.2857142857142857,NA
45835,0.45714285714285713,NA
45840,0.5142857142857142,NA
45845,0.02857142857142857,NA
45850,0.4,NA
45855,0.0,NA
45860,0.6857142857142857,NA
45865,0.02857142857142857,NA
45870,0.3142857142857143,NA
45875,0.0,NA
45880,0.0,NA
45885,0.7428571428571429,NA
45890,0.6857142857142857,NA
45895,0.8285714285714286,NA
45900,0.8,NA
45905,0.4857142857142857,NA
45910,0.0,NA
45915,0.05714285714285714,NA
45920,0.2857142857142857,NA
45925,0.14285714285714285,NA
45930,0.22857142857142856,NA
45935,0.05714285714285714,NA
45940,0.0,NA
45945,0.9142857142857143,NA
45950,0.4857142857142857,NA
45955,0.6857142857142857,NA
45960,0.6,NA
45965,0.0,NA
45970,0.0,NA
45975,0.08571428571428572,NA
45980,0.8571428571428571,NA
45985,0.02857142857142857,NA
45990,0.7142857142857143,NA
45995,0.2,NA
46000,0.7428571428571429,NA
46005,0.8285714285714286,NA
46010,0.0,NA
46015,0.22857142857142856,NA
46020,0.0,NA
46025,0.42857142857142855,NA
46030,0.0,NA
46035,1.0,NA
46040,0.8,NA
46045,0.4857142857142857,NA
46050,0.0,NA
46055,0.08571428571428572,NA
46060,0.0,NA
46065,0.6,NA
46070,0.6857142857142857,NA
46075,0.5142857142857142,NA
46080,0.02857142857142857,NA
46085,0.0,NA
46090,0.7142857142857143,NA
46095,0.4857142857142857,NA
46100,0.4,NA
46105,0.8571428571428571,NA
46110,0.7142857142857143,NA
46115,0.2,NA
46120,0.02857142857142857,NA
